Statement;Header;Nom champ;Valeur champ;;;;;;;;;
Statement;Data;Title;Transaction History;;;;;;;;;
Statement;Data;Period;Juin 17, 2025 - Juin 17, 2026;;;;;;;;;
Statement;Data;WhenGenerated;2026-06-18, 12:11:56 EDT;;;;;;;;;
Summary;Header;Nom champ;Valeur champ;;;;;;;;;
Summary;Data;Devise de base;EUR;;;;;;;;;
Summary;Data;Trésorerie de départ;0.0;;;;;;;;;
Summary;Data;Variation;196.29796936986946;;;;;;;;;
Summary;Data;Trésorerie finale;196.29796936986946;;;;;;;;;
Transaction History;Header;Date;Account;Description;Transaction Type;Symbol;Quantity;Price;Price Currency;Gross Amount ;Commission;Net Amount
Transaction History;Data;09/06/2026;U***54391;VANECK SPACE INNOVATORS ETF;Buy;JEDI;2.0;94.491;EUR;-188.982;-3.75;-192.732
Transaction History;Data;08/06/2026;U***54391;Montant net issu des transactions Forex en devise en base: -0.87 EUR.USD;Forex Trade Component;EUR.USD;-0.87;1.15319;USD;-4.9954616999858814E-5;-;-4.9954616999858814E-5
Transaction History;Data;08/06/2026;U***54391;Montant net issu des transactions Forex en devise en base: -0.04 EUR.USD;Forex Trade Component;EUR.USD;-0.04;1.15325;USD;-2.157000000002629E-7;-;-2.157000000002629E-7
Transaction History;Data;08/06/2026;U***54391;Montant net issu des transactions Forex en devise en base: -311.51 EUR.USD;Forex Trade Component;EUR.USD;-311.51;1.15325;USD;-0.0016798176749830418;-;-0.0016798176749830418
Transaction History;Data;08/06/2026;U***54391;Montant net issu des transactions Forex en devise en base: -0.86 EUR.USD;Forex Trade Component;EUR.USD;-0.86;1.15319;USD;-4.938042599988979E-5;-;-4.938042599988979E-5
Transaction History;Data;08/06/2026;U***54391;Montant net issu des transactions Forex en devise en base: -260.74 EUR.USD;Forex Trade Component;EUR.USD;-260.74;1.15325;USD;-0.0014060404500355617;-;-0.0014060404500355617
Transaction History;Data;08/06/2026;U***54391;Montant net issu des transactions Forex en devise en base: -0.04 EUR.USD;Forex Trade Component;EUR.USD;-0.04;1.15325;USD;-2.157000000002629E-7;-;-2.157000000002629E-7
Transaction History;Data;08/06/2026;U***54391;MARVELL TECHNOLOGY INC;Buy;MRVL;1.0;300.73;USD;-260.76599030000006;-0.86711260133;-261.63310290133
Transaction History;Data;08/06/2026;U***54391;ARM HOLDINGS PLC-ADR;Buy;ARM;1.0;359.3;USD;-311.55262300000004;-0.86711260133;-312.41973560133005
Transaction History;Data;08/06/2026;U***54391;Montant net issu des transactions Forex en devise en base: -0.00432644 EUR.USD;Forex Trade Component;EUR.USD;-0.00432644;1.15274933;USD;-1.902296999999921E-6;-;-1.902296999999921E-6
Transaction History;Data;08/06/2026;U***54391;Montant net issu des transactions Forex en devise en base: 0.0082987 EUR.USD;Forex Trade Component;EUR.USD;0.0082987;1.15349358;USD;-1.709607890001269E-6;-;-1.709607890001269E-6
Transaction History;Data;01/06/2026;U***54391;Transfert électronique de fonds;Deposit;-;-;-;-;2000.0;-;2000.0
Transaction History;Data;01/06/2026;U***54391;WISDOMTREE QUANTUM COMP ETF;Buy;WQTM;20.0;39.19;EUR;-783.8;-3.0;-786.8
Transaction History;Data;01/06/2026;U***54391;ARM HOLDINGS PLC-ADR;Buy;ARM;1.0;389.81;USD;-335.1235551;-0.85971257913;-335.98326767913
Transaction History;Data;01/06/2026;U***54391;Montant net issu des transactions Forex en devise en base: -0.87 EUR.USD;Forex Trade Component;EUR.USD;-0.87;1.16229;USD;-6.678677670000077E-4;-;-6.678677670000077E-4
Transaction History;Data;01/06/2026;U***54391;Montant net issu des transactions Forex en devise en base: -335.33 EUR.USD;Forex Trade Component;EUR.USD;-335.33;1.16227;USD;-0.26318653373897405;-;-0.26318653373897405
Transaction History;Data;01/06/2026;U***54391;Montant net issu des transactions Forex en devise en base: -0.05 EUR.USD;Forex Trade Component;EUR.USD;-0.05;1.16224;USD;-4.0532480000007864E-5;-;-4.0532480000007864E-5
Transaction History;Data;01/06/2026;U***54391;Montant net issu des transactions Forex en devise en base: -0.00678444 EUR.USD;Forex Trade Component;EUR.USD;-0.00678444;1.16279252;USD;-2.2737809999996E-6;-;-2.2737809999996E-6
Transaction History;Data;01/06/2026;U***54391;Montant net issu des transactions Forex en devise en base: 0.0096175 EUR.USD;Forex Trade Component;EUR.USD;0.0096175;1.16343185;USD;-2.053102999999279E-6;-;-2.053102999999279E-6
Transaction History;Data;13/05/2026;U***54391;Montant net issu des transactions Forex en devise en base: -0.02 EUR.USD;Forex Trade Component;EUR.USD;-0.02;1.17089;USD;-8.458318000000714E-6;-;-8.458318000000714E-6
Transaction History;Data;13/05/2026;U***54391;MARVELL TECHNOLOGY INC;Buy;MRVL;1.0;176.365;USD;-150.56103685;-0.8536925610699999;-151.41472941107
Transaction History;Data;13/05/2026;U***54391;Montant net issu des transactions Forex en devise en base: 0.0058984 EUR.USD;Forex Trade Component;EUR.USD;0.0058984;1.17164015;USD;-1.2808519999994022E-6;-;-1.2808519999994022E-6
Transaction History;Data;13/05/2026;U***54391;Montant net issu des transactions Forex en devise en base: -0.00473803 EUR.USD;Forex Trade Component;EUR.USD;-0.00473803;1.17099298;USD;-1.5871420000002426E-6;-;-1.5871420000002426E-6
Transaction History;Data;13/05/2026;U***54391;Montant net issu des transactions Forex en devise en base: -0.86 EUR.USD;Forex Trade Component;EUR.USD;-0.86;1.17083;USD;-4.077580780000867E-4;-;-4.077580780000867E-4
Transaction History;Data;13/05/2026;U***54391;Montant net issu des transactions Forex en devise en base: -150.6 EUR.USD;Forex Trade Component;EUR.USD;-150.6;1.17089;USD;-0.06369113453999375;-;-0.06369113453999375
Transaction History;Data;12/05/2026;U***54391;ASML HOLDING NV-NY REG SHS;Buy;ASML;1.0;1485.91;USD;-1265.6684198;-0.8517825553399999;-1266.5202023553402
Transaction History;Data;12/05/2026;U***54391;Montant net issu des transactions Forex en devise en base: -1,266.84 EUR.USD;Forex Trade Component;EUR.USD;-1266.84;1.17279;USD;-1.318696575192007;-;-1.318696575192007
Transaction History;Data;12/05/2026;U***54391;Montant net issu des transactions Forex en devise en base: -0.86 EUR.USD;Forex Trade Component;EUR.USD;-0.86;1.17273;USD;-9.391549159999402E-4;-;-9.391549159999402E-4
Transaction History;Data;12/05/2026;U***54391;Montant net issu des transactions Forex en devise en base: -0.15 EUR.USD;Forex Trade Component;EUR.USD;-0.15;1.17279;USD;-1.5614007000000485E-4;-;-1.5614007000000485E-4
Transaction History;Data;12/05/2026;U***54391;Montant net issu des transactions Forex en devise en base: 0.00727686 EUR.USD;Forex Trade Component;EUR.USD;0.00727686;1.17424218;USD;-1.428892220000505E-6;-;-1.428892220000505E-6
Transaction History;Data;12/05/2026;U***54391;Montant net issu des transactions Forex en devise en base: 0.00272682 EUR.USD;Forex Trade Component;EUR.USD;0.00272682;1.17429719;USD;-6.655897799999651E-7;-;-6.655897799999651E-7
Transaction History;Data;11/05/2026;U***54391;VANECK SPACE INNOVATORS ETF;Buy;JEDI;1.0;90.798;EUR;-90.798;-3.75;-94.548
Transaction History;Data;10/05/2026;U***54391;Transfert électronique de fonds;Deposit;-;-;-;-;1500.0;-;1500.0
Transaction History;Data;27/04/2026;U***54391;Transfert électronique de fonds;Deposit;-;-;-;-;100.0;-;100.0